gender,employment_status,total,percentage
Female,Employed,237515,40.57738720875022
Female,Unemployed,19303,3.1347433123459867
Male,Employed,306262,53.639218643644135
Male,Unemployed,16068,2.648650835259662
