gender,employment_status,total,percentage
Female,Employed,237515,41.01110596945858
Female,Unemployed,19303,3.3329995096244827
Male,Employed,306262,52.88147416549829
Male,Unemployed,16068,2.7744203554186493
